Número do modelo;Quantidade solicitada
LPA02100;12
LPA02101;12
LPA02102;12
LPA02103;12
LPA02104;12
LPA02105;12
LPA02106;12
LPA02108;12
LPA02109;12
LPA02110;12
LPA02111;12
LPA02112;12
LPA02113;12
LPA02115;12
LPA02116;12
LPA02117;12
LPA02118;12
LPA02119;12
LPA02133;12
LPA02120;12
LPA02121;12
LPA02122;12
LPA02123;12
LPA02124;12
LPA02125;12
LPA02126;12
LPA02127;12
LPA02128;12
LPA02129;12
LPA02130;12
LPA02151;12
LPA02131;12
LPA02132;12
LPA02152;12
LPA02153;12
LPA02165;12
LPA02166;12
LPA02168;12
LPA02169;12
LPA02170;12
LPA02172;12
LPA02202;12
LPA02204;12
LPA02205;12
LPA02206;12
LPA02176;12
LPA02177;12
LPA02178;12
LPA02171;12
LPA02300;6
LPA02301;6
LPA02302;6
LPA02303;6
LPA02304;6
LPA02305;6
LPA02306;6
LPA02308;6
LPA02309;6
LPA02310;6
LPA02311;6
LPA02312;6
LPA02313;6
LPA02315;6
LPA02316;6
LPA02317;6
LPA02318;6
LPA02319;6
LPA02333;6
LPA02320;6
LPA02321;6
LPA02322;6
LPA02323;6
LPA02324;6
LPA02325;6
LPA02326;6
LPA02327;6
LPA02328;6
LPA02329;6
LPA02330;6
LPA02390;6
LPA02391;6
LPA02392;6
LPA02351;6
LPA02331;6
LPA02332;6
LPA02352;6
LPA02353;6
LPA02365;6
LPA02366;6
LPA02368;6
LPA02369;6
LPA02370;6
LPA02372;6
LPA02402;6
LPA02404;6
LPA02405;6
LPA02406;6
LPA02371;6
LPA02376;6
LPA02377;6
LPA02378;6
LPA02500;12
LPA02501;12
LPA02502;12
LPA02503;12
LPA02504;12
LPA02505;12
LPA02506;12
LPA02508;12
LPA02509;12
LPA02510;12
LPA02511;12
LPA02512;12
LPA02513;12
LPA02515;12
LPA02516;12
LPA02517;12
LPA02518;12
LPA02519;12
LPA02533;12
LPA02520;12
LPA02521;12
LPA02522;12
LPA02523;12
LPA02524;12
LPA02525;12
LPA02526;12
LPA02527;12
LPA02528;12
LPA02529;12
LPA02530;12
LPA02590;12
LPA02591;12
LPA02592;12
LPA02551;12
LPA02531;12
LPA02532;12
LPA02552;12
LPA02553;12
LPA02565;12
LPA02566;12
LPA02568;12
LPA02569;12
LPA02570;12
LPA02572;12
LPA02602;12
LPA02604;12
LPA02605;12
LPA02606;12
LPA02576;12
LPA02577;12
LPA02578;12
LPA02571;12
LPA01350;6
LPA01351;6
LPA01352;6
LPA01353;6
LPA01354;6
LPA01355;6
LPA07125;6
LPA07100;6
LPA07101;6
LPA07102;6
LPA07103;6
LPA07104;6
LPA07120;6
LPA07106;6
LPA07107;6
LPA07108;6
LPA07109;6
LPA07121;6
LPA07111;6
LPA07112;6
LPA07113;6
LPA07114;6
LPA07115;6
LPA07116;6
LPA07117;6
LPA07118;6
LPA07123;6
LPA07124;6
LPA07126;6
LPA07122;6
LPA07122;6
LPA07128;6
LPA07105;6
LPA07110;6
LPA07127;6
LPA07200;6
LPA07201;6
LPA07202;6
LPA07203;6
LPA07204;6
LPA07205;6
LPA07206;6
LPA07207;6
LPA07208;6
LPA07209;6
LPA07211;6
LPA07210;6
LPA07215;6
LPA07216;6
LPA07212;6
LPA07213;6
LPA07214;6
LPA01120;6
LPA01121;6
LPA01122;6
LPA01124;6
LPA01127;6
LPA01132;6
LPA01134;6
LPA01136;6
LPA01139;6
LPA01140;6
LPA01144;6
LPA01145;6
LPA01146;6
LPA01147;6
LPA01125;6
LPA01131;6
LPA01137;6
LPA06540;6
LPA07217;6
LPA01301;6
LPA01302;6
LPA01303;6
LPA01305;6
LPA01306;6
LPA01307;6
LPA01308;6
LPA02850;6
LPA02851;6
LPA02852;6
LPA02853;6
LPA02854;6
LPA02855;6
LPA02856;6
LPA02857;6
LPA02858;6
LPA02859;6
LPA02860;6
LPA02861;6
LPA02862;6
LPA02863;6
LPA02864;6
LPA02865;6
LPA02866;6
LPA02867;6
LPA02730;24
LPA02731;24
LPA02732;24
LPA02733;24
LPA02740;6
LPA02741;6
LPA02742;6
LPA02743;6
LPA02710;24
LPA02711;24
LPA02712;24
LPA02713;24
LPA02720;6
LPA02721;6
LPA02722;6
LPA02723;6
LPA02900;12
LPA02901;12
LPA02902;6
LPA02903;12
LPA02904;12
LPA02905;6
LPA02920;12
LPA02921;12
LPA02922;6
LPA02930;12
LPA02931;12
LPA02932;6
LPA02933;12
LPA02934;12
LPA02935;6
LPA02936;12
LPA02937;12
LPA02938;6
LPA05300;6
LPA05301;6
LPA05302;6
LPA05303;6
LPA05304;6
LPA05305;6
LPA05306;6
LPA05307;6
LPA05308;6
LPA05309;6
LPA05900;6
LPA05901;6
LPA05902;6
LPA05903;6
LPA05904;6
LPA05905;6
LPA02700;24
LPA05440;6
LPA05441;6
LPA05442;6
LPA05443;6
LPA05444;6
LPA05431;6
LPA05432;6
LPA05433;6
LPA05434;6
LPA05436;6
LPA05346;6
LPA05347;6
LPA05427;6
LPA05410;6
LPA05411;6
LPA05412;6
LPA05413;6
LPA05414;6
LPA05415;6
LPA05323;6
LPA05325;6
LPA05370;6
LPA05329;6
LPA05338;6
LPA05317;12
LPA05390;6
LPA05391;6
LPA05392;6
LPA05400;6
LPA05401;6
LPA05402;6
LPA05403;6
LPA05404;6
LPA05405;6
LPA05381;6
LPA05380;6
LPA05382;6
LPA05383;6
LPA05384;6
LPA05354;6
LPA05355;6
LPA05356;6
LPA05357;6
LPA05372;6
LPA05326;6
LPA05358;6
LPA05335;6
LPA05327;6
LPA05359;6
LPA05336;6
LPA05342;6
LPA05371;6
LPA05343;6
LPA05322;6
LPA05324;6
LPA05334;6
LPA05333;6
LPA05339;6
LPA05319;12
LPA05337;6
LPA05328;6
LPA05360;6
LPA05350;6
LPA05351;6
LPA05352;6
LPA05353;6
LPA05450;6
LPA05451;6
LPA05452;6
LPA05453;6
LPA05454;6
LPA05455;6
LPA05456;6
LPA05457;6
LPA05458;6
LPA05459;6
LPA05460;6
LPA05461;6
LPA05462;6
LPA05500;6
LPA05501;6
LPA05502;6
LPA05503;6
LPA05504;6
LPA05505;6
LPA05506;6
LPA05507;6
LPA05704;3
LPA05705;3
LPA05706;3
LPA05707;3
LPA05708;3
LPA05709;3
LPA30001;6
LPA30003;6
LPA30004;6
LPA30015;6
LPA30016;6
LPA30017;6
LPA30018;6
LPA30030;6
LPA30031;6
LPA30032;6
LPA30046;6
LPA30047;6
LPA30048;6
LPA30049;6
LPA30060;12
LPA30062;6
LPA30063;6
LPA30064;6
LPA30080;6
LPA30082;6
LPA30083;6
LPA30097;6
LPA30100;6
LPA30101;6
LPA30102;6
LPA30103;6
LPA30104;6
LPA30105;6
LPA30107;6
LPA30106;6
LPAN40000;6
LPAN40001;6
LPAN40002;6
LPAN40003;6
LPAN40004;6
LPAN40005;6
LPAN40006;6
LPAN40007;6
LPAN40008;6
LPAN40009;6
LPAN40010;6
LPAN40021;6
LPAN40023;6
LPAN40024;6
LPAN40020;6
LPAN40026;6
LPAN40025;6
LPAN40027;6
LPAN40022;6
LPAN40040;6
LPAN40041;6
LPAN40051;6
LPAN40052;6
LPAN40036;6
LPAN40048;6
LPAN40045;6
LPAN40046;6
LPAN40047;6
LPAN40035;6
LPAN40064;6
LPAN40075;6
LPAN40069;6
LPAN40068;6
LPAN40060;6
LPAN40070;6
LPAN40073;6
LPAN40072;6
LPAN40061;6
LPAN40076;6
LPAN40065;6
LPAN40067;6
LPAN40066;6
LPAN40071;6
LPAN40074;6
LPAN40063;6
LPAN40077;6
LPAN40062;6
LPAN40098;6
LPAN40092;6
LPAN40097;6
LPAN40091;6
LPAN40100;6
LPAN40090;6
LPAN40099;6
LPAN40096;6
LPAN40095;6
LPAN40094;6
LPAN40093;6
LPAN40050;6
LPAN40112;6
LPAN40118;6
LPAN40119;6
LPAN40113;6
LPAN40116;6
LPAN40121;6
LPAN40120;6
LPAN40115;6
LPAN40110;6
LPAN40111;6
LPAN40117;6
LPAN40114;6
LPAN40122;6
LPAN40130;6
LPAN40049;6
LPAN40133;6
LPAN40134;6
LPAN40132;6
LPAN40135;6
LPAN40131;6
LPAN40136;6
LPAC58271;6
LPA31000;6
LPA31001;6
LPA31002;6
LPA31003;6
LPA31004;6
LPA31005;6
LPA31006;6
LPA31008;6
LPA31009;6
LPA31010;6
LPA31011;6
LPA31012;6
LPA31013;6
LPA31014;6
LPA31016;6
LPA31017;6
LPA31018;6
LPA31019;6
LPA31020;6
LPA31021;6
LPA31022;6
LPA31024;6
LPA31025;6
LPA31026;6
LPA31027;6
LPA31028;6
LPA31029;6
LPA31030;6
LPA31032;6
LPA31033;6
LPA31034;6
LPA31035;6
LPA31036;6
LPA31037;6
LPA31038;6
LPA31040;6
LPA31041;6
LPA31042;6
LPA31043;6
LPA31044;6
LPA31045;6
LPA31046;6
LPA31048;6
LPA31049;6
LPA31050;6
LPA31051;6
LPA31052;6
LPA31053;6
LPA31054;6
LPA31056;6
LPA31057;6
LPA31058;6
LPA31059;6
LPA31060;6
LPA31061;6
LPA31062;6
LPA05800;3
LPA05801;3
LPA05802;3
LPA05803;3
LPA05804;3
LPA05805;3
LPA05806;3
LPA05807;3
LPA05808;3
LPA05809;3
LPA05810;3
LPA05811;3
LPA05812;3
LPA05813;3
LPA05814;3
LPA05815;3
Lpa02903;12
LPA31065;6
LPA31067;6
LPA31068;6
LPA31069;6
LPA31070;6
LPA31071;6
LPA05816;3
LPA05818;6
LPA05819;6
LPA07217;6
LPA05466;6
LPA05467;6
LPA05468;6
LPA05469;6
LPA05476;6
LPA05474;6
LPA05475;6
LPA05904;6
LPA05905;6
